Q_ID,Question_Text,Domain,Tier,Intensity,Primary_Bucket,Deck_Eligible,Contraindications,Personas,Situations,Mechanisms,Performance_Tags,Relationship_Tags,Risk_Flags,Biological_Tags,Digital_Tags,Format_Tags,Symptoms,Goals,Sequence_Order,Section_Block
V3-LM-0001,How many hours did you sleep last night (estimate)?,D.I_HARDWARE,Tier 0,I1.PING,Hardware,TRUE,,"P.CREATIVE, P.REMOTE_WORKER, P.SOLOPRENEUR","S.DECISION_OVERLOAD, S.PERFORMANCE_SLUMP, S.DIGITAL_OVERUSE",M.BIOLOGICAL_DEBT,PERF.RECOVERY_DEFICIT,,,BIO.SLEEP,,F.SOLO_JOURNAL,SYM.FATIGUE,G.REGULATION,1,START
V3-LM-0002,Wake time consistency: did you wake within ±60 minutes of your usual time? (yes/no),D.I_HARDWARE,Tier 0,I1.PING,Hardware,TRUE,,"P.CREATIVE, P.REMOTE_WORKER, P.SOLOPRENEUR","S.DECISION_OVERLOAD, S.PERFORMANCE_SLUMP, S.DIGITAL_OVERUSE",M.CIRCADIAN_MISALIGNMENT,PERF.RECOVERY_DEFICIT,,,BIO.CIRCADIAN,,F.SOLO_JOURNAL,SYM.FATIGUE,G.REGULATION,2,START
V3-LM-0003,"What is your first stress signal today (jaw, chest, gut, shoulders)?",D.I_HARDWARE,Tier 0,I1.PING,Hardware,TRUE,,"P.CREATIVE, P.REMOTE_WORKER, P.SOLOPRENEUR","S.DECISION_OVERLOAD, S.PERFORMANCE_SLUMP, S.DIGITAL_OVERUSE",M.SOMATIC_DISREGULATION,PERF.EMOTIONAL_REGULATION,,,BIO.INTEROCEPTION,,F.SOLO_JOURNAL,SYM.STRESS,G.REGULATION,3,START
V3-LM-0004,Caffeine: how many servings today and at what times?,D.I_HARDWARE,Tier 0,I2.SCAN,Hardware,TRUE,,"P.CREATIVE, P.REMOTE_WORKER, P.SOLOPRENEUR","S.DECISION_OVERLOAD, S.PERFORMANCE_SLUMP, S.DIGITAL_OVERUSE",M.BIOLOGICAL_DEBT,PERF.ENERGY_VOLATILITY,,,BIO.CAFFEINE_NICOTINE,,F.SOLO_JOURNAL,SYM.RESTLESSNESS,G.REGULATION,4,START
V3-LM-0005,"Sensory irritants: which one drains you fastest (noise, light, clutter, temperature)?",D.I_HARDWARE,Tier 0,I2.SCAN,Hardware,TRUE,,"P.CREATIVE, P.REMOTE_WORKER, P.SOLOPRENEUR","S.DECISION_OVERLOAD, S.PERFORMANCE_SLUMP, S.DIGITAL_OVERUSE",M.SOMATIC_DISREGULATION,PERF.SENSORY_OVERLOAD,,,BIO.SENSORY_GATING,,F.SOLO_JOURNAL,SYM.IRRITABILITY,G.CLARITY,5,START
V3-LM-0006,Do you take breaks away from screens every hour? (yes/no),D.I_HARDWARE,Tier 0,I2.SCAN,Hardware,TRUE,,"P.CREATIVE, P.REMOTE_WORKER, P.SOLOPRENEUR","S.DECISION_OVERLOAD, S.PERFORMANCE_SLUMP, S.DIGITAL_OVERUSE",M.BEHAVIORAL_DESIGN,PERF.RECOVERY_DEFICIT,,,BIO.NERVOUS_SYSTEM,DIG.SCREEN_FATIGUE,F.SOLO_JOURNAL,SYM.BRAIN_FOG,G.RECOVERY,6,START
V3-LM-0007,Hydration check: did you drink water in the last 2 hours? (yes/no),D.I_HARDWARE,Tier 0,I1.PING,Hardware,TRUE,,"P.CREATIVE, P.REMOTE_WORKER, P.SOLOPRENEUR","S.DECISION_OVERLOAD, S.PERFORMANCE_SLUMP, S.DIGITAL_OVERUSE",M.BIOLOGICAL_DEBT,PERF.ENERGY_VOLATILITY,,,BIO.HYDRATION,,F.SOLO_JOURNAL,SYM.FATIGUE,G.REGULATION,7,START
V3-LM-0008,"After 60+ minutes of screens, what body area complains first?",D.I_HARDWARE,Tier 0,I2.SCAN,Hardware,TRUE,,"P.CREATIVE, P.REMOTE_WORKER, P.SOLOPRENEUR","S.DECISION_OVERLOAD, S.PERFORMANCE_SLUMP, S.DIGITAL_OVERUSE",M.SOMATIC_DISREGULATION,PERF.SENSORY_OVERLOAD,,,BIO.PAIN_SIGNAL,DIG.SCREEN_FATIGUE,F.SOLO_JOURNAL,SYM.IRRITABILITY,G.REGULATION,8,START
V3-LM-0009,"Meal timing: when did you last eat, and did it improve or worsen focus?",D.I_HARDWARE,Tier 0,I2.SCAN,Hardware,TRUE,,"P.CREATIVE, P.REMOTE_WORKER, P.SOLOPRENEUR","S.DECISION_OVERLOAD, S.PERFORMANCE_SLUMP, S.DIGITAL_OVERUSE",M.DOPAMINE_SEEKING,PERF.ATTENTION_FRAGMENTATION,,,BIO.INTEROCEPTION,DIG.MULTITASKING,F.SOLO_JOURNAL,SYM.BRAIN_FOG,G.FOCUS,9,START
V3-LM-0010,What is your current energy level 1–10?,D.I_HARDWARE,Tier 0,I2.SCAN,Hardware,TRUE,,"P.CREATIVE, P.REMOTE_WORKER, P.SOLOPRENEUR","S.DECISION_OVERLOAD, S.PERFORMANCE_SLUMP, S.DIGITAL_OVERUSE",M.BIOLOGICAL_DEBT,PERF.ENERGY_VOLATILITY,,,BIO.NERVOUS_SYSTEM,,F.SOLO_JOURNAL,SYM.FATIGUE,G.CLARITY,10,START
V3-LM-0011,"What emotion most often precedes your phone-check impulse (boredom, anxiety, loneliness, fatigue)?",D.II_OS,Tier 0,I2.SCAN,OS,TRUE,,"P.CREATIVE, P.REMOTE_WORKER, P.SOLOPRENEUR","S.DECISION_OVERLOAD, S.PERFORMANCE_SLUMP, S.DIGITAL_OVERUSE","M.EMOTION_AVOIDANCE, M.DOPAMINE_SEEKING",PERF.IMPULSE_CONTROL,,,,DIG.PHONE_REACH_LOOP,F.SOLO_JOURNAL,SYM.ANXIETY,G.CLARITY,11,DEEP
V3-LM-0012,What fear do you disguise as ‘being informed’ right now?,D.II_OS,Tier 0,I2.SCAN,OS,TRUE,,"P.CREATIVE, P.REMOTE_WORKER, P.SOLOPRENEUR","S.DECISION_OVERLOAD, S.PERFORMANCE_SLUMP, S.DIGITAL_OVERUSE",M.COG_DISTORTION,PERF.RUMINATION,,,,DIG.PRODUCTIVITY_PORN,F.SOLO_JOURNAL,SYM.RUMINATION,G.CLARITY,12,DEEP
V3-LM-0013,How many times did you context-switch in the last hour (estimate)?,D.II_OS,Tier 0,I2.SCAN,OS,TRUE,,"P.CREATIVE, P.REMOTE_WORKER, P.SOLOPRENEUR","S.DECISION_OVERLOAD, S.PERFORMANCE_SLUMP, S.DIGITAL_OVERUSE",M.CUE_REACTIVITY,PERF.ATTENTION_FRAGMENTATION,,,,,F.SOLO_JOURNAL,SYM.DISTRACTIBILITY,G.FOCUS,13,DEEP
V3-LM-0014,What do you call ‘productivity’ that is actually avoidance today?,D.VI_OUTPUT,Tier 0,I2.SCAN,Output,TRUE,,"P.CREATIVE, P.REMOTE_WORKER, P.SOLOPRENEUR","S.DECISION_OVERLOAD, S.PERFORMANCE_SLUMP, S.DIGITAL_OVERUSE",M.AVOIDANCE_LOOP,PERF.BUSYWORK,,,,DIG.PRODUCTIVITY_PORN,F.SOLO_JOURNAL,SYM.PROCRASTINATION,G.FOCUS,14,DEEP
V3-LM-0015,List your top 3 notification sources hijacking attention (app + purpose).,D.VI_OUTPUT,Tier 0,I2.SCAN,Output,TRUE,,"P.CREATIVE, P.REMOTE_WORKER, P.SOLOPRENEUR","S.DECISION_OVERLOAD, S.PERFORMANCE_SLUMP, S.DIGITAL_OVERUSE",M.CUE_REACTIVITY,PERF.ATTENTION_FRAGMENTATION,,,,DIG.NOTIFICATION_REACTIVITY,F.SOLO_JOURNAL,SYM.DISTRACTIBILITY,G.FOCUS,15,DEEP
V3-LM-0016,What is your default story about focus: ‘I’m bad at it’ or ‘my environment is hostile’?,D.II_OS,Tier 0,I2.SCAN,OS,TRUE,,"P.CREATIVE, P.REMOTE_WORKER, P.SOLOPRENEUR","S.DECISION_OVERLOAD, S.PERFORMANCE_SLUMP, S.DIGITAL_OVERUSE",M.ATTRIBUTION_BIAS,PERF.BEHAVIORAL_DESIGN,,,,,F.SOLO_JOURNAL,SYM.SHAME,G.CLARITY,16,DEEP
V3-LM-0017,How many tabs are open right now? What would happen if you closed 80%?,D.VI_OUTPUT,Tier 0,I2.SCAN,Output,TRUE,,"P.CREATIVE, P.REMOTE_WORKER, P.SOLOPRENEUR","S.DECISION_OVERLOAD, S.PERFORMANCE_SLUMP, S.DIGITAL_OVERUSE",M.ANXIETY_MANAGEMENT,PERF.DECISION_FATIGUE,,,,DIG.TAB_HOARDING,F.SOLO_JOURNAL,SYM.ANXIETY,G.CLARITY,17,DEEP
V3-LM-0018,What single boundary would reduce distractions by 50%? State the rule.,D.VI_OUTPUT,Tier 0,I2.SCAN,Output,TRUE,,"P.CREATIVE, P.REMOTE_WORKER, P.SOLOPRENEUR","S.DECISION_OVERLOAD, S.PERFORMANCE_SLUMP, S.DIGITAL_OVERUSE",M.BEHAVIORAL_DESIGN,PERF.DEEP_WORK,,,,DIG.APP_BLOCKING,F.SOLO_JOURNAL,SYM.DISTRACTIBILITY,G.BOUNDARIES,18,DEEP
V3-LM-0019,"Where do you demand certainty before you start (perfect plan, perfect mood, perfect tools)?",D.II_OS,Tier 0,I2.SCAN,OS,TRUE,,"P.CREATIVE, P.REMOTE_WORKER, P.SOLOPRENEUR","S.DECISION_OVERLOAD, S.PERFORMANCE_SLUMP, S.DIGITAL_OVERUSE",M.CONTROL_STRATEGY,PERF.START_FRICTION,,,,,F.SOLO_JOURNAL,SYM.ANXIETY,G.AGENCY,19,DEEP
V3-LM-0020,What is the smallest unit of deep work you can do for 15 minutes today?,D.VI_OUTPUT,Tier 0,I2.SCAN,Output,TRUE,,"P.CREATIVE, P.REMOTE_WORKER, P.SOLOPRENEUR","S.DECISION_OVERLOAD, S.PERFORMANCE_SLUMP, S.DIGITAL_OVERUSE",M.BEHAVIORAL_DESIGN,PERF.DEEP_WORK,,,,,F.SOLO_JOURNAL,SYM.PROCRASTINATION,G.FOCUS,20,DEEP
V3-LM-0021,"What does waiting do to you (panic, irritation, numbness, calm)?",D.II_OS,Tier 0,I2.SCAN,OS,TRUE,,"P.CREATIVE, P.REMOTE_WORKER, P.SOLOPRENEUR","S.DECISION_OVERLOAD, S.PERFORMANCE_SLUMP, S.DIGITAL_OVERUSE",M.BOREDOM_INTOLERANCE,PERF.IMPULSE_CONTROL,,,,,F.SOLO_JOURNAL,SYM.RESTLESSNESS,G.REGULATION,21,DEEP
V3-LM-0022,"Do you consume content while working? If yes, what happens to quality?",D.VI_OUTPUT,Tier 0,I2.SCAN,Output,TRUE,,"P.CREATIVE, P.REMOTE_WORKER, P.SOLOPRENEUR","S.DECISION_OVERLOAD, S.PERFORMANCE_SLUMP, S.DIGITAL_OVERUSE",M.INPUT_OVERLOAD,PERF.ATTENTION_FRAGMENTATION,,,,DIG.MULTITASKING,F.SOLO_JOURNAL,SYM.BRAIN_FOG,G.FOCUS,22,DEEP
V3-LM-0023,What’s the 5% truer reason you avoid starting?,D.II_OS,Tier 0,I2.SCAN,OS,TRUE,,"P.CREATIVE, P.REMOTE_WORKER, P.SOLOPRENEUR","S.DECISION_OVERLOAD, S.PERFORMANCE_SLUMP, S.DIGITAL_OVERUSE",M.AVOIDANCE_LOOP,PERF.CLARITY,,,,,F.SOLO_JOURNAL,SYM.RUMINATION,G.CLARITY,23,DEEP
V3-LM-0024,Pick one ‘temptation app’ and set a rule (delete/block/timebox). Which one?,D.VI_OUTPUT,Tier 0,I2.SCAN,Output,TRUE,,"P.CREATIVE, P.REMOTE_WORKER, P.SOLOPRENEUR","S.DECISION_OVERLOAD, S.PERFORMANCE_SLUMP, S.DIGITAL_OVERUSE",M.BEHAVIORAL_DESIGN,PERF.IMPULSE_CONTROL,,,,DIG.APP_BLOCKING,F.SOLO_JOURNAL,SYM.RESTLESSNESS,G.BOUNDARIES,24,DEEP
V3-LM-0025,"If you weren’t allowed to optimize tools for a week, what would you actually build?",D.II_OS,Tier 0,I2.SCAN,OS,TRUE,,"P.CREATIVE, P.REMOTE_WORKER, P.SOLOPRENEUR","S.DECISION_OVERLOAD, S.PERFORMANCE_SLUMP, S.DIGITAL_OVERUSE",M.AVOIDANCE_LOOP,PERF.PRIORITIZATION,,,,DIG.TOOL_HOPPING,F.SOLO_JOURNAL,SYM.OVERWHELM,G.AGENCY,25,DEEP
V3-LM-0026,Schedule a 90-minute no-notifications block. When is it?,D.VI_OUTPUT,Tier 0,I2.SCAN,Output,TRUE,,"P.CREATIVE, P.REMOTE_WORKER, P.SOLOPRENEUR","S.DECISION_OVERLOAD, S.PERFORMANCE_SLUMP, S.DIGITAL_OVERUSE",M.BEHAVIORAL_DESIGN,PERF.DEEP_WORK,,,,DIG.NOTIFICATION_REACTIVITY,F.SOLO_JOURNAL,SYM.DISTRACTIBILITY,G.FOCUS,26,CLOSE
V3-LM-0027,Set a screen-off time tonight. What replaces screens for 20 minutes?,D.I_HARDWARE,Tier 0,I2.SCAN,Hardware,TRUE,,"P.CREATIVE, P.REMOTE_WORKER, P.SOLOPRENEUR","S.DECISION_OVERLOAD, S.PERFORMANCE_SLUMP, S.DIGITAL_OVERUSE",M.BIOLOGICAL_DEBT,PERF.RECOVERY_DEFICIT,,,BIO.SLEEP,DIG.LATE_NIGHT_SCROLL,F.SOLO_JOURNAL,SYM.FATIGUE,G.REGULATION,27,CLOSE
V3-LM-0028,"Name your current bottleneck: Hardware, OS, or Output. (Pick one.)",D.II_OS,Tier 0,I2.SCAN,OS,TRUE,,"P.CREATIVE, P.REMOTE_WORKER, P.SOLOPRENEUR","S.DECISION_OVERLOAD, S.PERFORMANCE_SLUMP, S.DIGITAL_OVERUSE",M.PATTERN_RECOGNITION,PERF.CLARITY,,,,,F.SOLO_JOURNAL,SYM.OVERWHELM,G.CLARITY,28,CLOSE
V3-LM-0029,What is one thing you will stop doing this week to protect focus?,D.VI_OUTPUT,Tier 0,I1.PING,Output,TRUE,,"P.CREATIVE, P.REMOTE_WORKER, P.SOLOPRENEUR","S.DECISION_OVERLOAD, S.PERFORMANCE_SLUMP, S.DIGITAL_OVERUSE",M.AGENCY_ACTIVATION,PERF.PRIORITIZATION,,,,,F.SOLO_JOURNAL,SYM.OVERWHELM,G.AGENCY,29,CLOSE
V3-LM-0030,Name one offline activity that restores you reliably.,D.IV_SELF,Tier 0,I1.PING,OS,TRUE,,"P.CREATIVE, P.REMOTE_WORKER, P.SOLOPRENEUR","S.DECISION_OVERLOAD, S.PERFORMANCE_SLUMP, S.DIGITAL_OVERUSE",M.RECOVERY_ORIENTATION,PERF.RECOVERY_DEFICIT,,,BIO.NERVOUS_SYSTEM,,F.SOLO_JOURNAL,SYM.STRESS,G.RECOVERY,30,CLOSE
